Agent,Code Name,Best Config,Perfect,Success Rate,Preserved,Total,Elapsed (s),Qubits,Generators,Distance,Tensor Product
Claude Opus 4.6,(4-Qubit Detector Code) * (Golay),"15 attempt(s), 300s timeout",True,1.0,90,90,201.33,92,90,14,True
Claude Opus 4.6,(4-Qubit Detector Code) * (Hex Color Code d=3),"15 attempt(s), 300s timeout",True,1.0,26,26,59.17,28,26,6,True
Claude Opus 4.6,(4-Qubit Detector Code) * (Hex Color Code d=5),"15 attempt(s), 300s timeout",True,1.0,74,74,237.42,76,74,10,True
Claude Opus 4.6,(4-Qubit Detector Code) * (Hex Color Code d=7),"1 attempt(s), 900s timeout",True,1.0,146,146,651.33,148,146,14,True
Claude Opus 4.6,(4-Qubit Detector Code) * (Perfect 5-Qubit Code),"15 attempt(s), 300s timeout",True,1.0,18,18,41.44,20,18,6,True
Claude Opus 4.6,(4-Qubit Detector Code) * (Rotated Surface Code d=3),"15 attempt(s), 300s timeout",True,1.0,34,34,57.74,36,34,6,True
Claude Opus 4.6,(4-Qubit Detector Code) * (Rotated Surface Code d=5),"15 attempt(s), 900s timeout",True,1.0,98,98,262.07,100,98,10,True
Claude Opus 4.6,(4-Qubit Detector Code) * (Rotated Surface Code d=7),"15 attempt(s), 300s timeout",False,0.0,0,194,302.3,196,194,14,True
Claude Opus 4.6,(4-Qubit Detector Code) * (Shor),"15 attempt(s), 300s timeout",True,1.0,34,34,44.76,36,34,6,True
Claude Opus 4.6,(4-Qubit Detector Code) * (Square Octagon Color Code d=3),"15 attempt(s), 300s timeout",True,1.0,26,26,48.49,28,26,6,True
Claude Opus 4.6,(4-Qubit Detector Code) * (Square Octagon Color Code d=5),"15 attempt(s), 300s timeout",True,1.0,66,66,181.57,68,66,10,True
Claude Opus 4.6,(4-Qubit Detector Code) * (Square Octagon Color Code d=7),"15 attempt(s), 900s timeout",True,1.0,122,122,515.86,124,122,14,True
Claude Opus 4.6,(4-Qubit Detector Code) * (Steane),"15 attempt(s), 300s timeout",True,1.0,26,26,50.09,28,26,6,True
Claude Opus 4.6,(4-Qubit Detector Code) * (Tetrahedral),"15 attempt(s), 300s timeout",True,1.0,58,58,178.83,60,58,6,True
Claude Opus 4.6,(Carbon) * (Hex Color Code d=3),"1 attempt(s), 900s timeout",True,1.0,82,82,138.82,84,82,12,True
Claude Opus 4.6,(Carbon) * (Perfect 5-Qubit Code),"1 attempt(s), 900s timeout",True,1.0,58,58,134.77,60,58,12,True
Claude Opus 4.6,(Carbon) * (Rotated Surface Code d=3),"15 attempt(s), 300s timeout",False,0.0,0,106,302.36,108,106,12,True
Claude Opus 4.6,(Carbon) * (Shor),"15 attempt(s), 900s timeout",True,1.0,106,106,893.43,108,106,12,True
Claude Opus 4.6,(Carbon) * (Square Octagon Color Code d=3),"1 attempt(s), 900s timeout",True,1.0,82,82,74.2,84,82,12,True
Claude Opus 4.6,(Carbon) * (Steane),"1 attempt(s), 900s timeout",True,1.0,82,82,129.57,84,82,12,True
Claude Opus 4.6,(Carbon) * (Tetrahedral),"15 attempt(s), 300s timeout",False,0.0,0,178,302.3,180,178,12,True
Claude Opus 4.6,(Golay) * (Hex Color Code d=3),"1 attempt(s), 900s timeout",True,1.0,160,160,443.36,161,160,21,True
Claude Opus 4.6,(Golay) * (Perfect 5-Qubit Code),"1 attempt(s), 900s timeout",True,1.0,114,114,222.98,115,114,21,True
Claude Opus 4.6,(Golay) * (Square Octagon Color Code d=3),"15 attempt(s), 300s timeout",False,0.0,0,160,302.29,161,160,21,True
Claude Opus 4.6,(Golay) * (Steane),"1 attempt(s), 900s timeout",True,1.0,160,160,492.8,161,160,21,True
Claude Opus 4.6,(Hamming) * (Hex Color Code d=3),"1 attempt(s), 900s timeout",True,1.0,98,98,460.62,105,98,9,True
Claude Opus 4.6,(Hamming) * (Perfect 5-Qubit Code),"1 attempt(s), 900s timeout",True,1.0,68,68,262.03,75,68,9,True
Claude Opus 4.6,(Hamming) * (Rotated Surface Code d=3),"1 attempt(s), 900s timeout",True,1.0,128,128,663.66,135,128,9,True
Claude Opus 4.6,(Hamming) * (Shor),"1 attempt(s), 900s timeout",True,1.0,128,128,184.64,135,128,9,True
Claude Opus 4.6,(Hamming) * (Square Octagon Color Code d=3),"1 attempt(s), 900s timeout",True,1.0,98,98,238.17,105,98,9,True
Claude Opus 4.6,(Hamming) * (Steane),"1 attempt(s), 900s timeout",True,1.0,98,98,233.46,105,98,9,True
Claude Opus 4.6,(Hex Color Code d=3) * (Golay),"1 attempt(s), 900s timeout",True,1.0,160,160,803.32,161,160,21,True
Claude Opus 4.6,(Hex Color Code d=3) * (Hex Color Code d=3),"15 attempt(s), 300s timeout",True,1.0,48,48,86.04,49,48,9,True
Claude Opus 4.6,(Hex Color Code d=3) * (Hex Color Code d=5),"1 attempt(s), 900s timeout",True,1.0,132,132,287.66,133,132,15,True
Claude Opus 4.6,(Hex Color Code d=3) * (Perfect 5-Qubit Code),"1 attempt(s), 900s timeout",True,1.0,34,34,58.56,35,34,9,True
Claude Opus 4.6,(Hex Color Code d=3) * (Rotated Surface Code d=3),"15 attempt(s), 300s timeout",True,1.0,62,62,135.1,63,62,9,True
Claude Opus 4.6,(Hex Color Code d=3) * (Rotated Surface Code d=5),"15 attempt(s), 300s timeout",False,0.0,0,174,301.35,175,174,15,True
Claude Opus 4.6,(Hex Color Code d=3) * (Shor),"15 attempt(s), 300s timeout",True,1.0,62,62,119.34,63,62,9,True
Claude Opus 4.6,(Hex Color Code d=3) * (Square Octagon Color Code d=3),"15 attempt(s), 300s timeout",True,1.0,48,48,88.17,49,48,9,True
Claude Opus 4.6,(Hex Color Code d=3) * (Square Octagon Color Code d=5),"1 attempt(s), 900s timeout",True,1.0,118,118,523.96,119,118,15,True
Claude Opus 4.6,(Hex Color Code d=3) * (Steane),"15 attempt(s), 300s timeout",True,1.0,48,48,88.93,49,48,9,True
Claude Opus 4.6,(Hex Color Code d=3) * (Tetrahedral),"1 attempt(s), 900s timeout",True,1.0,104,104,198.29,105,104,9,True
Claude Opus 4.6,(Hex Color Code d=5) * (Hex Color Code d=3),"1 attempt(s), 900s timeout",True,1.0,132,132,239.61,133,132,15,True
Claude Opus 4.6,(Hex Color Code d=5) * (Perfect 5-Qubit Code),"1 attempt(s), 900s timeout",True,1.0,94,94,130.11,95,94,15,True
Claude Opus 4.6,(Hex Color Code d=5) * (Rotated Surface Code d=3),"15 attempt(s), 300s timeout",False,0.0,0,170,302.41,171,170,15,True
Claude Opus 4.6,(Hex Color Code d=5) * (Shor),"15 attempt(s), 300s timeout",False,0.0,0,170,301.3,171,170,15,True
Claude Opus 4.6,(Hex Color Code d=5) * (Square Octagon Color Code d=3),"1 attempt(s), 900s timeout",True,1.0,132,132,150.99,133,132,15,True
Claude Opus 4.6,(Hex Color Code d=5) * (Steane),"1 attempt(s), 900s timeout",True,1.0,132,132,235.93,133,132,15,True
Claude Opus 4.6,(Hex Color Code d=7) * (Perfect 5-Qubit Code),"15 attempt(s), 300s timeout",False,0.0,0,184,302.3,185,184,21,True
Claude Opus 4.6,(Hypercube Code l=1) * (Golay),"1 attempt(s), 900s timeout",True,1.0,134,134,322.41,138,134,14,True
Claude Opus 4.6,(Hypercube Code l=1) * (Hex Color Code d=3),"15 attempt(s), 300s timeout",True,1.0,38,38,269.26,42,38,6,True
Claude Opus 4.6,(Hypercube Code l=1) * (Hex Color Code d=5),"1 attempt(s), 900s timeout",True,1.0,110,110,284.74,114,110,10,True
Claude Opus 4.6,(Hypercube Code l=1) * (Perfect 5-Qubit Code),"1 attempt(s), 900s timeout",True,1.0,26,26,50.1,30,26,6,True
Claude Opus 4.6,(Hypercube Code l=1) * (Rotated Surface Code d=3),"1 attempt(s), 900s timeout",True,1.0,50,50,95.53,54,50,6,True
Claude Opus 4.6,(Hypercube Code l=1) * (Rotated Surface Code d=5),"1 attempt(s), 900s timeout",True,1.0,146,146,153.85,150,146,10,True
Claude Opus 4.6,(Hypercube Code l=1) * (Shor),"1 attempt(s), 900s timeout",True,1.0,50,50,70.41,54,50,6,True
Claude Opus 4.6,(Hypercube Code l=1) * (Square Octagon Color Code d=3),"1 attempt(s), 900s timeout",True,1.0,38,38,51.64,42,38,6,True
Claude Opus 4.6,(Hypercube Code l=1) * (Square Octagon Color Code d=5),"1 attempt(s), 900s timeout",True,1.0,98,98,188.82,102,98,10,True
Claude Opus 4.6,(Hypercube Code l=1) * (Square Octagon Color Code d=7),"15 attempt(s), 300s timeout",False,0.0,0,182,302.3,186,182,14,True
Claude Opus 4.6,(Hypercube Code l=1) * (Steane),"1 attempt(s), 900s timeout",True,1.0,38,38,54.22,42,38,6,True
Claude Opus 4.6,(Hypercube Code l=1) * (Tetrahedral),"1 attempt(s), 900s timeout",True,1.0,86,86,158.75,90,86,6,True
Claude Opus 4.6,(Hypercube Code l=2) * (Perfect 5-Qubit Code),"15 attempt(s), 300s timeout",False,0.0,0,164,302.31,180,164,12,True
Claude Opus 4.6,(Iceberg Code m=2) * (Golay),"1 attempt(s), 900s timeout",True,1.0,90,90,96.23,92,90,14,True
Claude Opus 4.6,(Iceberg Code m=2) * (Hex Color Code d=3),"1 attempt(s), 900s timeout",True,1.0,26,26,40.78,28,26,6,True
Claude Opus 4.6,(Iceberg Code m=2) * (Hex Color Code d=5),"1 attempt(s), 900s timeout",True,1.0,74,74,127.4,76,74,10,True
Claude Opus 4.6,(Iceberg Code m=2) * (Hex Color Code d=7),"15 attempt(s), 300s timeout",False,0.0,0,146,302.45,148,146,14,True
Claude Opus 4.6,(Iceberg Code m=2) * (Perfect 5-Qubit Code),"1 attempt(s), 900s timeout",True,1.0,18,18,39.12,20,18,6,True
Claude Opus 4.6,(Iceberg Code m=2) * (Rotated Surface Code d=3),"1 attempt(s), 900s timeout",True,1.0,34,34,50.89,36,34,6,True
Claude Opus 4.6,(Iceberg Code m=2) * (Rotated Surface Code d=5),"15 attempt(s), 300s timeout",False,0.0,0,98,302.32,100,98,10,True
Claude Opus 4.6,(Iceberg Code m=2) * (Rotated Surface Code d=7),"15 attempt(s), 300s timeout",False,0.0,0,194,302.49,196,194,14,True
Claude Opus 4.6,(Iceberg Code m=2) * (Shor),"1 attempt(s), 900s timeout",True,1.0,34,34,46.9,36,34,6,True
Claude Opus 4.6,(Iceberg Code m=2) * (Square Octagon Color Code d=3),"15 attempt(s), 300s timeout",True,1.0,26,26,271.05,28,26,6,True
Claude Opus 4.6,(Iceberg Code m=2) * (Square Octagon Color Code d=5),"1 attempt(s), 900s timeout",True,1.0,66,66,101.95,68,66,10,True
Claude Opus 4.6,(Iceberg Code m=2) * (Square Octagon Color Code d=7),"1 attempt(s), 900s timeout",True,1.0,122,122,150.7,124,122,14,True
Claude Opus 4.6,(Iceberg Code m=2) * (Steane),"15 attempt(s), 300s timeout",True,1.0,26,26,66.13,28,26,6,True
Claude Opus 4.6,(Iceberg Code m=2) * (Tetrahedral),"1 attempt(s), 900s timeout",True,1.0,58,58,122.97,60,58,6,True
Claude Opus 4.6,(Iceberg Code m=3) * (Golay),"1 attempt(s), 900s timeout",True,1.0,134,134,539.19,138,134,14,True
Claude Opus 4.6,(Iceberg Code m=3) * (Hex Color Code d=3),"1 attempt(s), 900s timeout",True,1.0,38,38,52.97,42,38,6,True
Claude Opus 4.6,(Iceberg Code m=3) * (Hex Color Code d=5),"1 attempt(s), 900s timeout",True,1.0,110,110,358.03,114,110,10,True
Claude Opus 4.6,(Iceberg Code m=3) * (Perfect 5-Qubit Code),"1 attempt(s), 900s timeout",True,1.0,26,26,49.29,30,26,6,True
Claude Opus 4.6,(Iceberg Code m=3) * (Rotated Surface Code d=3),"1 attempt(s), 900s timeout",True,1.0,50,50,107.96,54,50,6,True
Claude Opus 4.6,(Iceberg Code m=3) * (Rotated Surface Code d=5),"1 attempt(s), 900s timeout",True,1.0,146,146,420.09,150,146,10,True
Claude Opus 4.6,(Iceberg Code m=3) * (Shor),"1 attempt(s), 900s timeout",True,1.0,50,50,67.54,54,50,6,True
Claude Opus 4.6,(Iceberg Code m=3) * (Square Octagon Color Code d=3),"1 attempt(s), 900s timeout",True,1.0,38,38,132.88,42,38,6,True
Claude Opus 4.6,(Iceberg Code m=3) * (Square Octagon Color Code d=5),"1 attempt(s), 900s timeout",True,1.0,98,98,343.93,102,98,10,True
Claude Opus 4.6,(Iceberg Code m=3) * (Square Octagon Color Code d=7),"15 attempt(s), 300s timeout",False,0.0,0,182,301.46,186,182,14,True
Claude Opus 4.6,(Iceberg Code m=3) * (Steane),"15 attempt(s), 300s timeout",True,1.0,38,38,243.58,42,38,6,True
Claude Opus 4.6,(Iceberg Code m=3) * (Tetrahedral),"1 attempt(s), 900s timeout",True,1.0,86,86,137.66,90,86,6,True
Claude Opus 4.6,(Iceberg Code m=4) * (Golay),"15 attempt(s), 300s timeout",False,0.0,0,178,302.34,184,178,14,True
Claude Opus 4.6,(Iceberg Code m=4) * (Hex Color Code d=3),"1 attempt(s), 900s timeout",True,1.0,50,50,80.73,56,50,6,True
Claude Opus 4.6,(Iceberg Code m=4) * (Hex Color Code d=5),"1 attempt(s), 900s timeout",True,1.0,146,146,175.95,152,146,10,True
Claude Opus 4.6,(Iceberg Code m=4) * (Perfect 5-Qubit Code),"1 attempt(s), 900s timeout",True,1.0,34,34,61.75,40,34,6,True
Claude Opus 4.6,(Iceberg Code m=4) * (Rotated Surface Code d=3),"1 attempt(s), 900s timeout",True,1.0,66,66,104.34,72,66,6,True
Claude Opus 4.6,(Iceberg Code m=4) * (Shor),"1 attempt(s), 900s timeout",True,1.0,66,66,96.01,72,66,6,True
Claude Opus 4.6,(Iceberg Code m=4) * (Square Octagon Color Code d=3),"1 attempt(s), 900s timeout",True,1.0,50,50,80.2,56,50,6,True
Claude Opus 4.6,(Iceberg Code m=4) * (Square Octagon Color Code d=5),"1 attempt(s), 900s timeout",True,1.0,130,130,478.89,136,130,10,True
Claude Opus 4.6,(Iceberg Code m=4) * (Steane),"1 attempt(s), 900s timeout",True,1.0,50,50,81.06,56,50,6,True
Claude Opus 4.6,(Iceberg Code m=4) * (Tetrahedral),"1 attempt(s), 900s timeout",True,1.0,114,114,130.55,120,114,6,True
Claude Opus 4.6,(Perfect 5-Qubit Code) * (Golay),"1 attempt(s), 900s timeout",True,1.0,114,114,335.27,115,114,21,True
Claude Opus 4.6,(Perfect 5-Qubit Code) * (Hex Color Code d=3),"1 attempt(s), 900s timeout",True,1.0,34,34,52.38,35,34,9,True
Claude Opus 4.6,(Perfect 5-Qubit Code) * (Hex Color Code d=5),"1 attempt(s), 900s timeout",True,1.0,94,94,249.38,95,94,15,True
Claude Opus 4.6,(Perfect 5-Qubit Code) * (Hex Color Code d=7),"15 attempt(s), 300s timeout",False,0.0,0,184,302.33,185,184,21,True
Claude Opus 4.6,(Perfect 5-Qubit Code) * (Perfect 5-Qubit Code),"15 attempt(s), 300s timeout",True,1.0,24,24,117.5,25,24,9,True
Claude Opus 4.6,(Perfect 5-Qubit Code) * (Rotated Surface Code d=3),"1 attempt(s), 900s timeout",True,1.0,44,44,82.24,45,44,9,True
Claude Opus 4.6,(Perfect 5-Qubit Code) * (Rotated Surface Code d=5),"15 attempt(s), 900s timeout",True,1.0,124,124,238.58,125,124,15,True
Claude Opus 4.6,(Perfect 5-Qubit Code) * (Shor),"1 attempt(s), 900s timeout",True,1.0,44,44,55.71,45,44,9,True
Claude Opus 4.6,(Perfect 5-Qubit Code) * (Square Octagon Color Code d=3),"1 attempt(s), 900s timeout",True,1.0,34,34,50.8,35,34,9,True
Claude Opus 4.6,(Perfect 5-Qubit Code) * (Square Octagon Color Code d=5),"1 attempt(s), 900s timeout",True,1.0,84,84,310.52,85,84,15,True
Claude Opus 4.6,(Perfect 5-Qubit Code) * (Square Octagon Color Code d=7),"1 attempt(s), 900s timeout",False,0.9935064935064936,153,154,457.96,155,154,21,True
Claude Opus 4.6,(Perfect 5-Qubit Code) * (Steane),"1 attempt(s), 900s timeout",True,1.0,34,34,48.64,35,34,9,True
Claude Opus 4.6,(Perfect 5-Qubit Code) * (Tetrahedral),"1 attempt(s), 900s timeout",True,1.0,74,74,397.55,75,74,9,True
Claude Opus 4.6,(Rotated Surface Code d=3) * (Hex Color Code d=3),"15 attempt(s), 300s timeout",True,1.0,62,62,216.08,63,62,9,True
Claude Opus 4.6,(Rotated Surface Code d=3) * (Hex Color Code d=5),"15 attempt(s), 300s timeout",False,0.0,0,170,302.32,171,170,15,True
Claude Opus 4.6,(Rotated Surface Code d=3) * (Perfect 5-Qubit Code),"15 attempt(s), 300s timeout",True,1.0,44,44,97.45,45,44,9,True
Claude Opus 4.6,(Rotated Surface Code d=3) * (Rotated Surface Code d=3),"15 attempt(s), 300s timeout",True,1.0,80,80,216.19,81,80,9,True
Claude Opus 4.6,(Rotated Surface Code d=3) * (Shor),"15 attempt(s), 300s timeout",True,1.0,80,80,208.78,81,80,9,True
Claude Opus 4.6,(Rotated Surface Code d=3) * (Square Octagon Color Code d=3),"15 attempt(s), 300s timeout",True,1.0,62,62,160.84,63,62,9,True
Claude Opus 4.6,(Rotated Surface Code d=3) * (Square Octagon Color Code d=5),"1 attempt(s), 900s timeout",True,1.0,152,152,454.24,153,152,15,True
Claude Opus 4.6,(Rotated Surface Code d=3) * (Steane),"15 attempt(s), 300s timeout",True,1.0,62,62,130.42,63,62,9,True
Claude Opus 4.6,(Rotated Surface Code d=3) * (Tetrahedral),"1 attempt(s), 900s timeout",True,1.0,134,134,349.89,135,134,9,True
Claude Opus 4.6,(Rotated Surface Code d=5) * (Hex Color Code d=3),"15 attempt(s), 300s timeout",False,0.0,0,174,302.45,175,174,15,True
Claude Opus 4.6,(Rotated Surface Code d=5) * (Perfect 5-Qubit Code),"1 attempt(s), 900s timeout",True,1.0,124,124,427.73,125,124,15,True
Claude Opus 4.6,(Rotated Surface Code d=5) * (Square Octagon Color Code d=3),"15 attempt(s), 300s timeout",False,0.0,0,174,302.32,175,174,15,True
Claude Opus 4.6,(Rotated Surface Code d=5) * (Steane),"15 attempt(s), 300s timeout",False,0.0,0,174,301.51,175,174,15,True
Claude Opus 4.6,(Shor) * (Hex Color Code d=3),"1 attempt(s), 900s timeout",True,1.0,62,62,121.32,63,62,9,True
Claude Opus 4.6,(Shor) * (Hex Color Code d=5),"15 attempt(s), 300s timeout",False,0.0,0,170,301.3,171,170,15,True
Claude Opus 4.6,(Shor) * (Perfect 5-Qubit Code),"1 attempt(s), 900s timeout",True,1.0,44,44,82.49,45,44,9,True
Claude Opus 4.6,(Shor) * (Rotated Surface Code d=3),"1 attempt(s), 900s timeout",True,1.0,80,80,160.6,81,80,9,True
Claude Opus 4.6,(Shor) * (Shor),"1 attempt(s), 900s timeout",True,1.0,80,80,115.79,81,80,9,True
Claude Opus 4.6,(Shor) * (Square Octagon Color Code d=3),"1 attempt(s), 900s timeout",True,1.0,62,62,345.89,63,62,9,True
Claude Opus 4.6,(Shor) * (Square Octagon Color Code d=5),"15 attempt(s), 300s timeout",False,0.0,0,152,302.3,153,152,15,True
Claude Opus 4.6,(Shor) * (Steane),"1 attempt(s), 900s timeout",True,1.0,62,62,127.47,63,62,9,True
Claude Opus 4.6,(Shor) * (Tetrahedral),"1 attempt(s), 900s timeout",True,1.0,134,134,137.3,135,134,9,True
Claude Opus 4.6,(Square Octagon Color Code d=3) * (Golay),"15 attempt(s), 300s timeout",False,0.0,0,160,301.31,161,160,21,True
Claude Opus 4.6,(Square Octagon Color Code d=3) * (Hex Color Code d=3),"15 attempt(s), 300s timeout",True,1.0,48,48,89.69,49,48,9,True
Claude Opus 4.6,(Square Octagon Color Code d=3) * (Hex Color Code d=5),"1 attempt(s), 900s timeout",True,1.0,132,132,396.34,133,132,15,True
Claude Opus 4.6,(Square Octagon Color Code d=3) * (Perfect 5-Qubit Code),"15 attempt(s), 300s timeout",True,1.0,34,34,78.27,35,34,9,True
Claude Opus 4.6,(Square Octagon Color Code d=3) * (Rotated Surface Code d=3),"15 attempt(s), 300s timeout",True,1.0,62,62,156.26,63,62,9,True
Claude Opus 4.6,(Square Octagon Color Code d=3) * (Rotated Surface Code d=5),"15 attempt(s), 300s timeout",False,0.0,0,174,301.31,175,174,15,True
Claude Opus 4.6,(Square Octagon Color Code d=3) * (Shor),"15 attempt(s), 300s timeout",True,1.0,62,62,145.57,63,62,9,True
Claude Opus 4.6,(Square Octagon Color Code d=3) * (Square Octagon Color Code d=3),"15 attempt(s), 300s timeout",True,1.0,48,48,86.22,49,48,9,True
Claude Opus 4.6,(Square Octagon Color Code d=3) * (Square Octagon Color Code d=5),"1 attempt(s), 900s timeout",True,1.0,118,118,123.35,119,118,15,True
Claude Opus 4.6,(Square Octagon Color Code d=3) * (Steane),"15 attempt(s), 300s timeout",True,1.0,48,48,94.44,49,48,9,True
Claude Opus 4.6,(Square Octagon Color Code d=3) * (Tetrahedral),"15 attempt(s), 900s timeout",True,1.0,104,104,297.59,105,104,9,True
Claude Opus 4.6,(Square Octagon Color Code d=5) * (Hex Color Code d=3),"1 attempt(s), 900s timeout",True,1.0,118,118,273.79,119,118,15,True
Claude Opus 4.6,(Square Octagon Color Code d=5) * (Perfect 5-Qubit Code),"15 attempt(s), 300s timeout",True,1.0,84,84,274.77,85,84,15,True
Claude Opus 4.6,(Square Octagon Color Code d=5) * (Rotated Surface Code d=3),"15 attempt(s), 300s timeout",False,0.0,0,152,302.31,153,152,15,True
Claude Opus 4.6,(Square Octagon Color Code d=5) * (Shor),"1 attempt(s), 900s timeout",True,1.0,152,152,594.66,153,152,15,True
Claude Opus 4.6,(Square Octagon Color Code d=5) * (Square Octagon Color Code d=3),"15 attempt(s), 900s timeout",True,1.0,118,118,452.81,119,118,15,True
Claude Opus 4.6,(Square Octagon Color Code d=5) * (Steane),"1 attempt(s), 900s timeout",True,1.0,118,118,379.18,119,118,15,True
Claude Opus 4.6,(Square Octagon Color Code d=7) * (Perfect 5-Qubit Code),"1 attempt(s), 900s timeout",False,0.8636363636363636,133,154,496.9,155,154,21,True
Claude Opus 4.6,(Steane) * (Golay),"1 attempt(s), 900s timeout",False,0.95625,153,160,387.79,161,160,21,True
Claude Opus 4.6,(Steane) * (Hex Color Code d=3),"15 attempt(s), 300s timeout",True,1.0,48,48,274.8,49,48,9,True
Claude Opus 4.6,(Steane) * (Hex Color Code d=5),"1 attempt(s), 900s timeout",True,1.0,132,132,266.71,133,132,15,True
Claude Opus 4.6,(Steane) * (Perfect 5-Qubit Code),"1 attempt(s), 900s timeout",True,1.0,34,34,60.12,35,34,9,True
Claude Opus 4.6,(Steane) * (Rotated Surface Code d=3),"1 attempt(s), 900s timeout",True,1.0,62,62,97.06,63,62,9,True
Claude Opus 4.6,(Steane) * (Rotated Surface Code d=5),"15 attempt(s), 300s timeout",False,0.0,0,174,302.29,175,174,15,True
Claude Opus 4.6,(Steane) * (Shor),"1 attempt(s), 900s timeout",True,1.0,62,62,89.03,63,62,9,True
Claude Opus 4.6,(Steane) * (Square Octagon Color Code d=3),"1 attempt(s), 900s timeout",True,1.0,48,48,79.01,49,48,9,True
Claude Opus 4.6,(Steane) * (Square Octagon Color Code d=5),"1 attempt(s), 900s timeout",True,1.0,118,118,741.46,119,118,15,True
Claude Opus 4.6,(Steane) * (Steane),"1 attempt(s), 900s timeout",True,1.0,48,48,87.97,49,48,9,True
Claude Opus 4.6,(Steane) * (Tetrahedral),"1 attempt(s), 900s timeout",True,1.0,104,104,441.27,105,104,9,True
Claude Opus 4.6,(Tetrahedral) * (Hex Color Code d=3),"1 attempt(s), 900s timeout",True,1.0,104,104,164.2,105,104,9,True
Claude Opus 4.6,(Tetrahedral) * (Perfect 5-Qubit Code),"1 attempt(s), 900s timeout",True,1.0,74,74,190.95,75,74,9,True
Claude Opus 4.6,(Tetrahedral) * (Rotated Surface Code d=3),"1 attempt(s), 900s timeout",True,1.0,134,134,125.06,135,134,9,True
Claude Opus 4.6,(Tetrahedral) * (Shor),"1 attempt(s), 900s timeout",True,1.0,134,134,642.6,135,134,9,True
Claude Opus 4.6,(Tetrahedral) * (Square Octagon Color Code d=3),"1 attempt(s), 900s timeout",True,1.0,104,104,337.5,105,104,9,True
Claude Opus 4.6,(Tetrahedral) * (Steane),"1 attempt(s), 900s timeout",True,1.0,104,104,247.87,105,104,9,True
Claude Opus 4.6,4-Qubit Detector Code,"15 attempt(s), 300s timeout",True,1.0,2,2,20.01,4,2,2,False
Claude Opus 4.6,BB Code n=72,"15 attempt(s), 900s timeout",True,1.0,72,72,211.52,72,72,6,False
Claude Opus 4.6,BB Code n=90,"1 attempt(s), 900s timeout",True,1.0,90,90,189.36,90,90,10,False
Claude Opus 4.6,Carbon,"1 attempt(s), 900s timeout",True,1.0,10,10,29.0,12,10,4,False
Claude Opus 4.6,Golay,"15 attempt(s), 300s timeout",True,1.0,22,22,86.38,23,22,7,False
Claude Opus 4.6,Hamming,"15 attempt(s), 300s timeout",True,1.0,8,8,27.32,15,8,3,False
Claude Opus 4.6,Hex Color Code d=3,"15 attempt(s), 300s timeout",False,0.8333333333333334,5,6,78.15,7,6,3,False
Claude Opus 4.6,Hex Color Code d=5,"15 attempt(s), 300s timeout",True,1.0,18,18,88.99,19,18,5,False
Claude Opus 4.6,Hex Color Code d=7,"15 attempt(s), 300s timeout",True,1.0,36,36,135.01,37,36,7,False
Claude Opus 4.6,Hypercube Code l=1,"15 attempt(s), 300s timeout",True,1.0,2,2,18.14,6,2,2,False
Claude Opus 4.6,Hypercube Code l=2,"1 attempt(s), 900s timeout",True,1.0,20,20,99.83,36,20,4,False
Claude Opus 4.6,Iceberg Code m=2,"15 attempt(s), 300s timeout",True,1.0,2,2,21.89,4,2,2,False
Claude Opus 4.6,Iceberg Code m=3,"15 attempt(s), 300s timeout",True,1.0,2,2,19.99,6,2,2,False
Claude Opus 4.6,Iceberg Code m=4,"15 attempt(s), 300s timeout",True,1.0,2,2,21.65,8,2,2,False
Claude Opus 4.6,Perfect 5-Qubit Code,"15 attempt(s), 300s timeout",True,1.0,4,4,23.2,5,4,3,False
Claude Opus 4.6,Rotated Surface Code d=3,"1 attempt(s), 900s timeout",True,1.0,8,8,63.33,9,8,3,False
Claude Opus 4.6,Rotated Surface Code d=5,"1 attempt(s), 900s timeout",True,1.0,24,24,36.39,25,24,5,False
Claude Opus 4.6,Rotated Surface Code d=7,"1 attempt(s), 900s timeout",True,1.0,48,48,143.78,49,48,7,False
Claude Opus 4.6,Shor,"15 attempt(s), 300s timeout",True,1.0,8,8,36.1,9,8,3,False
Claude Opus 4.6,Square Octagon Color Code d=3,"15 attempt(s), 300s timeout",True,1.0,6,6,61.36,7,6,3,False
Claude Opus 4.6,Square Octagon Color Code d=5,"15 attempt(s), 300s timeout",True,1.0,16,16,108.37,17,16,5,False
Claude Opus 4.6,Square Octagon Color Code d=7,"1 attempt(s), 900s timeout",True,1.0,30,30,45.15,31,30,7,False
Claude Opus 4.6,Steane,"1 attempt(s), 900s timeout",True,1.0,6,6,54.3,7,6,3,False
Claude Opus 4.6,Tetrahedral,"15 attempt(s), 300s timeout",True,1.0,14,14,102.69,15,14,3,False
GPT-5.2,(4-Qubit Detector Code) * (Golay),"1 attempt(s), 900s timeout",True,1.0,90,90,176.45,92,90,14,True
GPT-5.2,(4-Qubit Detector Code) * (Hex Color Code d=3),"15 attempt(s), 300s timeout",True,1.0,26,26,59.29,28,26,6,True
GPT-5.2,(4-Qubit Detector Code) * (Hex Color Code d=5),"15 attempt(s), 300s timeout",True,1.0,74,74,256.7,76,74,10,True
GPT-5.2,(4-Qubit Detector Code) * (Hex Color Code d=7),"15 attempt(s), 300s timeout",False,0.0,0,146,302.29,148,146,14,True
GPT-5.2,(4-Qubit Detector Code) * (Perfect 5-Qubit Code),"15 attempt(s), 300s timeout",True,1.0,18,18,38.4,20,18,6,True
GPT-5.2,(4-Qubit Detector Code) * (Rotated Surface Code d=3),"15 attempt(s), 300s timeout",True,1.0,34,34,50.32,36,34,6,True
GPT-5.2,(4-Qubit Detector Code) * (Rotated Surface Code d=5),"1 attempt(s), 900s timeout",False,0.9897959183673469,97,98,264.45,100,98,10,True
GPT-5.2,(4-Qubit Detector Code) * (Rotated Surface Code d=7),"15 attempt(s), 300s timeout",False,0.0,0,194,302.43,196,194,14,True
GPT-5.2,(4-Qubit Detector Code) * (Shor),"15 attempt(s), 300s timeout",True,1.0,34,34,74.91,36,34,6,True
GPT-5.2,(4-Qubit Detector Code) * (Square Octagon Color Code d=3),"15 attempt(s), 300s timeout",True,1.0,26,26,41.44,28,26,6,True
GPT-5.2,(4-Qubit Detector Code) * (Square Octagon Color Code d=5),"15 attempt(s), 300s timeout",True,1.0,66,66,243.34,68,66,10,True
GPT-5.2,(4-Qubit Detector Code) * (Square Octagon Color Code d=7),"1 attempt(s), 900s timeout",False,0.9672131147540983,118,122,466.01,124,122,14,True
GPT-5.2,(4-Qubit Detector Code) * (Steane),"15 attempt(s), 300s timeout",True,1.0,26,26,51.07,28,26,6,True
GPT-5.2,(4-Qubit Detector Code) * (Tetrahedral),"15 attempt(s), 300s timeout",True,1.0,58,58,208.16,60,58,6,True
GPT-5.2,(Carbon) * (Hex Color Code d=3),"1 attempt(s), 900s timeout",True,1.0,82,82,128.03,84,82,12,True
GPT-5.2,(Carbon) * (Perfect 5-Qubit Code),"1 attempt(s), 900s timeout",True,1.0,58,58,124.76,60,58,12,True
GPT-5.2,(Carbon) * (Rotated Surface Code d=3),"1 attempt(s), 900s timeout",True,1.0,106,106,234.09,108,106,12,True
GPT-5.2,(Carbon) * (Shor),"15 attempt(s), 300s timeout",False,0.0,0,106,302.31,108,106,12,True
GPT-5.2,(Carbon) * (Square Octagon Color Code d=3),"1 attempt(s), 900s timeout",True,1.0,82,82,141.08,84,82,12,True
GPT-5.2,(Carbon) * (Steane),"1 attempt(s), 900s timeout",True,1.0,82,82,78.18,84,82,12,True
GPT-5.2,(Carbon) * (Tetrahedral),"15 attempt(s), 300s timeout",False,0.0,0,178,301.3,180,178,12,True
GPT-5.2,(Golay) * (Hex Color Code d=3),"1 attempt(s), 900s timeout",True,1.0,160,160,328.81,161,160,21,True
GPT-5.2,(Golay) * (Perfect 5-Qubit Code),"1 attempt(s), 900s timeout",True,1.0,114,114,338.18,115,114,21,True
GPT-5.2,(Golay) * (Square Octagon Color Code d=3),"1 attempt(s), 900s timeout",True,1.0,160,160,486.91,161,160,21,True
GPT-5.2,(Golay) * (Steane),"1 attempt(s), 900s timeout",True,1.0,160,160,219.6,161,160,21,True
GPT-5.2,(Hamming) * (Hex Color Code d=3),"1 attempt(s), 900s timeout",True,1.0,98,98,338.98,105,98,9,True
GPT-5.2,(Hamming) * (Perfect 5-Qubit Code),"1 attempt(s), 900s timeout",True,1.0,68,68,167.87,75,68,9,True
GPT-5.2,(Hamming) * (Rotated Surface Code d=3),"15 attempt(s), 900s timeout",True,1.0,128,128,433.28,135,128,9,True
GPT-5.2,(Hamming) * (Shor),"1 attempt(s), 900s timeout",True,1.0,128,128,607.43,135,128,9,True
GPT-5.2,(Hamming) * (Square Octagon Color Code d=3),"1 attempt(s), 900s timeout",True,1.0,98,98,238.03,105,98,9,True
GPT-5.2,(Hamming) * (Steane),"1 attempt(s), 900s timeout",True,1.0,98,98,175.78,105,98,9,True
GPT-5.2,(Hex Color Code d=3) * (Golay),"15 attempt(s), 300s timeout",False,0.0,0,160,302.35,161,160,21,True
GPT-5.2,(Hex Color Code d=3) * (Hex Color Code d=3),"15 attempt(s), 300s timeout",True,1.0,48,48,87.3,49,48,9,True
GPT-5.2,(Hex Color Code d=3) * (Hex Color Code d=5),"1 attempt(s), 900s timeout",True,1.0,132,132,385.59,133,132,15,True
GPT-5.2,(Hex Color Code d=3) * (Perfect 5-Qubit Code),"15 attempt(s), 300s timeout",True,1.0,34,34,78.05,35,34,9,True
GPT-5.2,(Hex Color Code d=3) * (Rotated Surface Code d=3),"15 attempt(s), 300s timeout",True,1.0,62,62,166.17,63,62,9,True
GPT-5.2,(Hex Color Code d=3) * (Rotated Surface Code d=5),"15 attempt(s), 300s timeout",False,0.0,0,174,301.34,175,174,15,True
GPT-5.2,(Hex Color Code d=3) * (Shor),"15 attempt(s), 300s timeout",True,1.0,62,62,147.45,63,62,9,True
GPT-5.2,(Hex Color Code d=3) * (Square Octagon Color Code d=3),"15 attempt(s), 300s timeout",True,1.0,48,48,88.11,49,48,9,True
GPT-5.2,(Hex Color Code d=3) * (Square Octagon Color Code d=5),"1 attempt(s), 900s timeout",True,1.0,118,118,200.65,119,118,15,True
GPT-5.2,(Hex Color Code d=3) * (Steane),"15 attempt(s), 300s timeout",True,1.0,48,48,236.2,49,48,9,True
GPT-5.2,(Hex Color Code d=3) * (Tetrahedral),"1 attempt(s), 900s timeout",True,1.0,104,104,108.61,105,104,9,True
GPT-5.2,(Hex Color Code d=5) * (Hex Color Code d=3),"1 attempt(s), 900s timeout",True,1.0,132,132,364.43,133,132,15,True
GPT-5.2,(Hex Color Code d=5) * (Perfect 5-Qubit Code),"1 attempt(s), 900s timeout",True,1.0,94,94,140.75,95,94,15,True
GPT-5.2,(Hex Color Code d=5) * (Rotated Surface Code d=3),"15 attempt(s), 300s timeout",False,0.0,0,170,302.31,171,170,15,True
GPT-5.2,(Hex Color Code d=5) * (Shor),"15 attempt(s), 300s timeout",False,0.0,0,170,302.29,171,170,15,True
GPT-5.2,(Hex Color Code d=5) * (Square Octagon Color Code d=3),"1 attempt(s), 900s timeout",True,1.0,132,132,244.46,133,132,15,True
GPT-5.2,(Hex Color Code d=5) * (Steane),"1 attempt(s), 900s timeout",True,1.0,132,132,346.77,133,132,15,True
GPT-5.2,(Hex Color Code d=7) * (Perfect 5-Qubit Code),"15 attempt(s), 300s timeout",False,0.0,0,184,302.3,185,184,21,True
GPT-5.2,(Hypercube Code l=1) * (Golay),"1 attempt(s), 900s timeout",True,1.0,134,134,230.13,138,134,14,True
GPT-5.2,(Hypercube Code l=1) * (Hex Color Code d=3),"1 attempt(s), 900s timeout",True,1.0,38,38,52.45,42,38,6,True
GPT-5.2,(Hypercube Code l=1) * (Hex Color Code d=5),"1 attempt(s), 900s timeout",True,1.0,110,110,220.43,114,110,10,True
GPT-5.2,(Hypercube Code l=1) * (Perfect 5-Qubit Code),"1 attempt(s), 900s timeout",True,1.0,26,26,49.31,30,26,6,True
GPT-5.2,(Hypercube Code l=1) * (Rotated Surface Code d=3),"1 attempt(s), 900s timeout",True,1.0,50,50,74.76,54,50,6,True
GPT-5.2,(Hypercube Code l=1) * (Rotated Surface Code d=5),"1 attempt(s), 900s timeout",False,0.9863013698630136,144,146,881.74,150,146,10,True
GPT-5.2,(Hypercube Code l=1) * (Shor),"1 attempt(s), 900s timeout",True,1.0,50,50,76.39,54,50,6,True
GPT-5.2,(Hypercube Code l=1) * (Square Octagon Color Code d=3),"1 attempt(s), 900s timeout",True,1.0,38,38,48.95,42,38,6,True
GPT-5.2,(Hypercube Code l=1) * (Square Octagon Color Code d=5),"1 attempt(s), 900s timeout",True,1.0,98,98,249.98,102,98,10,True
GPT-5.2,(Hypercube Code l=1) * (Square Octagon Color Code d=7),"15 attempt(s), 300s timeout",False,0.0,0,182,302.3,186,182,14,True
GPT-5.2,(Hypercube Code l=1) * (Steane),"1 attempt(s), 900s timeout",True,1.0,38,38,48.84,42,38,6,True
GPT-5.2,(Hypercube Code l=1) * (Tetrahedral),"1 attempt(s), 900s timeout",True,1.0,86,86,91.52,90,86,6,True
GPT-5.2,(Hypercube Code l=2) * (Perfect 5-Qubit Code),"15 attempt(s), 300s timeout",False,0.0,0,164,304.93,180,164,12,True
GPT-5.2,(Iceberg Code m=2) * (Golay),"1 attempt(s), 900s timeout",True,1.0,90,90,170.77,92,90,14,True
GPT-5.2,(Iceberg Code m=2) * (Hex Color Code d=3),"15 attempt(s), 300s timeout",True,1.0,26,26,127.33,28,26,6,True
GPT-5.2,(Iceberg Code m=2) * (Hex Color Code d=5),"1 attempt(s), 900s timeout",True,1.0,74,74,160.93,76,74,10,True
GPT-5.2,(Iceberg Code m=2) * (Hex Color Code d=7),"15 attempt(s), 300s timeout",False,0.0,0,146,302.33,148,146,14,True
GPT-5.2,(Iceberg Code m=2) * (Perfect 5-Qubit Code),"1 attempt(s), 900s timeout",True,1.0,18,18,37.53,20,18,6,True
GPT-5.2,(Iceberg Code m=2) * (Rotated Surface Code d=3),"1 attempt(s), 900s timeout",True,1.0,34,34,63.71,36,34,6,True
GPT-5.2,(Iceberg Code m=2) * (Rotated Surface Code d=5),"1 attempt(s), 900s timeout",False,0.9897959183673469,97,98,265.82,100,98,10,True
GPT-5.2,(Iceberg Code m=2) * (Rotated Surface Code d=7),"15 attempt(s), 300s timeout",False,0.0,0,194,302.3,196,194,14,True
GPT-5.2,(Iceberg Code m=2) * (Shor),"1 attempt(s), 900s timeout",True,1.0,34,34,40.18,36,34,6,True
GPT-5.2,(Iceberg Code m=2) * (Square Octagon Color Code d=3),"15 attempt(s), 300s timeout",True,1.0,26,26,138.13,28,26,6,True
GPT-5.2,(Iceberg Code m=2) * (Square Octagon Color Code d=5),"1 attempt(s), 900s timeout",True,1.0,66,66,108.2,68,66,10,True
GPT-5.2,(Iceberg Code m=2) * (Square Octagon Color Code d=7),"1 attempt(s), 900s timeout",True,1.0,122,122,162.15,124,122,14,True
GPT-5.2,(Iceberg Code m=2) * (Steane),"1 attempt(s), 900s timeout",True,1.0,26,26,34.72,28,26,6,True
GPT-5.2,(Iceberg Code m=2) * (Tetrahedral),"1 attempt(s), 900s timeout",True,1.0,58,58,89.47,60,58,6,True
GPT-5.2,(Iceberg Code m=3) * (Golay),"1 attempt(s), 900s timeout",True,1.0,134,134,406.13,138,134,14,True
GPT-5.2,(Iceberg Code m=3) * (Hex Color Code d=3),"15 attempt(s), 300s timeout",True,1.0,38,38,268.88,42,38,6,True
GPT-5.2,(Iceberg Code m=3) * (Hex Color Code d=5),"1 attempt(s), 900s timeout",True,1.0,110,110,114.37,114,110,10,True
GPT-5.2,(Iceberg Code m=3) * (Perfect 5-Qubit Code),"1 attempt(s), 900s timeout",True,1.0,26,26,49.71,30,26,6,True
GPT-5.2,(Iceberg Code m=3) * (Rotated Surface Code d=3),"1 attempt(s), 900s timeout",True,1.0,50,50,78.67,54,50,6,True
GPT-5.2,(Iceberg Code m=3) * (Rotated Surface Code d=5),"15 attempt(s), 300s timeout",False,0.0,0,146,302.3,150,146,10,True
GPT-5.2,(Iceberg Code m=3) * (Shor),"1 attempt(s), 900s timeout",True,1.0,50,50,65.48,54,50,6,True
GPT-5.2,(Iceberg Code m=3) * (Square Octagon Color Code d=3),"1 attempt(s), 900s timeout",True,1.0,38,38,51.99,42,38,6,True
GPT-5.2,(Iceberg Code m=3) * (Square Octagon Color Code d=5),"1 attempt(s), 900s timeout",True,1.0,98,98,160.0,102,98,10,True
GPT-5.2,(Iceberg Code m=3) * (Square Octagon Color Code d=7),"15 attempt(s), 300s timeout",False,0.0,0,182,302.37,186,182,14,True
GPT-5.2,(Iceberg Code m=3) * (Steane),"1 attempt(s), 900s timeout",True,1.0,38,38,50.97,42,38,6,True
GPT-5.2,(Iceberg Code m=3) * (Tetrahedral),"1 attempt(s), 900s timeout",True,1.0,86,86,134.73,90,86,6,True
GPT-5.2,(Iceberg Code m=4) * (Golay),"15 attempt(s), 300s timeout",False,0.0,0,178,302.31,184,178,14,True
GPT-5.2,(Iceberg Code m=4) * (Hex Color Code d=3),"1 attempt(s), 900s timeout",True,1.0,50,50,79.12,56,50,6,True
GPT-5.2,(Iceberg Code m=4) * (Hex Color Code d=5),"1 attempt(s), 900s timeout",True,1.0,146,146,466.88,152,146,10,True
GPT-5.2,(Iceberg Code m=4) * (Perfect 5-Qubit Code),"1 attempt(s), 900s timeout",True,1.0,34,34,64.52,40,34,6,True
GPT-5.2,(Iceberg Code m=4) * (Rotated Surface Code d=3),"1 attempt(s), 900s timeout",True,1.0,66,66,100.59,72,66,6,True
GPT-5.2,(Iceberg Code m=4) * (Shor),"1 attempt(s), 900s timeout",True,1.0,66,66,90.78,72,66,6,True
GPT-5.2,(Iceberg Code m=4) * (Square Octagon Color Code d=3),"1 attempt(s), 900s timeout",True,1.0,50,50,76.89,56,50,6,True
GPT-5.2,(Iceberg Code m=4) * (Square Octagon Color Code d=5),"1 attempt(s), 900s timeout",True,1.0,130,130,297.33,136,130,10,True
GPT-5.2,(Iceberg Code m=4) * (Steane),"1 attempt(s), 900s timeout",True,1.0,50,50,81.66,56,50,6,True
GPT-5.2,(Iceberg Code m=4) * (Tetrahedral),"1 attempt(s), 900s timeout",True,1.0,114,114,645.72,120,114,6,True
GPT-5.2,(Perfect 5-Qubit Code) * (Golay),"1 attempt(s), 900s timeout",True,1.0,114,114,538.31,115,114,21,True
GPT-5.2,(Perfect 5-Qubit Code) * (Hex Color Code d=3),"1 attempt(s), 900s timeout",True,1.0,34,34,45.61,35,34,9,True
GPT-5.2,(Perfect 5-Qubit Code) * (Hex Color Code d=5),"1 attempt(s), 900s timeout",True,1.0,94,94,270.33,95,94,15,True
GPT-5.2,(Perfect 5-Qubit Code) * (Hex Color Code d=7),"15 attempt(s), 300s timeout",False,0.0,0,184,302.44,185,184,21,True
GPT-5.2,(Perfect 5-Qubit Code) * (Perfect 5-Qubit Code),"1 attempt(s), 900s timeout",True,1.0,24,24,41.51,25,24,9,True
GPT-5.2,(Perfect 5-Qubit Code) * (Rotated Surface Code d=3),"1 attempt(s), 900s timeout",True,1.0,44,44,81.5,45,44,9,True
GPT-5.2,(Perfect 5-Qubit Code) * (Rotated Surface Code d=5),"15 attempt(s), 300s timeout",False,0.0,0,124,302.31,125,124,15,True
GPT-5.2,(Perfect 5-Qubit Code) * (Shor),"1 attempt(s), 900s timeout",True,1.0,44,44,56.22,45,44,9,True
GPT-5.2,(Perfect 5-Qubit Code) * (Square Octagon Color Code d=3),"1 attempt(s), 900s timeout",True,1.0,34,34,48.66,35,34,9,True
GPT-5.2,(Perfect 5-Qubit Code) * (Square Octagon Color Code d=5),"1 attempt(s), 900s timeout",True,1.0,84,84,225.7,85,84,15,True
GPT-5.2,(Perfect 5-Qubit Code) * (Square Octagon Color Code d=7),"15 attempt(s), 300s timeout",False,0.0,0,154,304.26,155,154,21,True
GPT-5.2,(Perfect 5-Qubit Code) * (Steane),"1 attempt(s), 900s timeout",True,1.0,34,34,45.38,35,34,9,True
GPT-5.2,(Perfect 5-Qubit Code) * (Tetrahedral),"1 attempt(s), 900s timeout",True,1.0,74,74,130.07,75,74,9,True
GPT-5.2,(Rotated Surface Code d=3) * (Hex Color Code d=3),"15 attempt(s), 300s timeout",True,1.0,62,62,160.41,63,62,9,True
GPT-5.2,(Rotated Surface Code d=3) * (Hex Color Code d=5),"15 attempt(s), 300s timeout",False,0.0,0,170,301.36,171,170,15,True
GPT-5.2,(Rotated Surface Code d=3) * (Perfect 5-Qubit Code),"15 attempt(s), 300s timeout",True,1.0,44,44,122.11,45,44,9,True
GPT-5.2,(Rotated Surface Code d=3) * (Rotated Surface Code d=3),"1 attempt(s), 900s timeout",True,1.0,80,80,193.48,81,80,9,True
GPT-5.2,(Rotated Surface Code d=3) * (Shor),"15 attempt(s), 300s timeout",True,1.0,80,80,172.19,81,80,9,True
GPT-5.2,(Rotated Surface Code d=3) * (Square Octagon Color Code d=3),"15 attempt(s), 300s timeout",True,1.0,62,62,165.84,63,62,9,True
GPT-5.2,(Rotated Surface Code d=3) * (Square Octagon Color Code d=5),"1 attempt(s), 900s timeout",True,1.0,152,152,581.92,153,152,15,True
GPT-5.2,(Rotated Surface Code d=3) * (Steane),"15 attempt(s), 300s timeout",True,1.0,62,62,130.25,63,62,9,True
GPT-5.2,(Rotated Surface Code d=3) * (Tetrahedral),"1 attempt(s), 900s timeout",True,1.0,134,134,160.77,135,134,9,True
GPT-5.2,(Rotated Surface Code d=5) * (Hex Color Code d=3),"1 attempt(s), 900s timeout",True,1.0,174,174,578.41,175,174,15,True
GPT-5.2,(Rotated Surface Code d=5) * (Perfect 5-Qubit Code),"1 attempt(s), 900s timeout",True,1.0,124,124,404.86,125,124,15,True
GPT-5.2,(Rotated Surface Code d=5) * (Square Octagon Color Code d=3),"15 attempt(s), 300s timeout",False,0.0,0,174,302.34,175,174,15,True
GPT-5.2,(Rotated Surface Code d=5) * (Steane),"15 attempt(s), 300s timeout",False,0.0,0,174,302.31,175,174,15,True
GPT-5.2,(Shor) * (Hex Color Code d=3),"1 attempt(s), 900s timeout",True,1.0,62,62,287.95,63,62,9,True
GPT-5.2,(Shor) * (Hex Color Code d=5),"15 attempt(s), 300s timeout",False,0.0,0,170,302.31,171,170,15,True
GPT-5.2,(Shor) * (Perfect 5-Qubit Code),"1 attempt(s), 900s timeout",True,1.0,44,44,79.26,45,44,9,True
GPT-5.2,(Shor) * (Rotated Surface Code d=3),"1 attempt(s), 900s timeout",True,1.0,80,80,186.26,81,80,9,True
GPT-5.2,(Shor) * (Shor),"1 attempt(s), 900s timeout",True,1.0,80,80,102.95,81,80,9,True
GPT-5.2,(Shor) * (Square Octagon Color Code d=3),"1 attempt(s), 900s timeout",True,1.0,62,62,126.21,63,62,9,True
GPT-5.2,(Shor) * (Square Octagon Color Code d=5),"15 attempt(s), 300s timeout",False,0.0,0,152,301.3,153,152,15,True
GPT-5.2,(Shor) * (Steane),"1 attempt(s), 900s timeout",True,1.0,62,62,87.04,63,62,9,True
GPT-5.2,(Shor) * (Tetrahedral),"15 attempt(s), 900s timeout",True,1.0,134,134,644.66,135,134,9,True
GPT-5.2,(Square Octagon Color Code d=3) * (Golay),"1 attempt(s), 900s timeout",True,1.0,160,160,232.24,161,160,21,True
GPT-5.2,(Square Octagon Color Code d=3) * (Hex Color Code d=3),"15 attempt(s), 300s timeout",True,1.0,48,48,109.02,49,48,9,True
GPT-5.2,(Square Octagon Color Code d=3) * (Hex Color Code d=5),"1 attempt(s), 900s timeout",True,1.0,132,132,290.31,133,132,15,True
GPT-5.2,(Square Octagon Color Code d=3) * (Perfect 5-Qubit Code),"15 attempt(s), 300s timeout",True,1.0,34,34,84.47,35,34,9,True
GPT-5.2,(Square Octagon Color Code d=3) * (Rotated Surface Code d=3),"15 attempt(s), 300s timeout",True,1.0,62,62,128.93,63,62,9,True
GPT-5.2,(Square Octagon Color Code d=3) * (Rotated Surface Code d=5),"15 attempt(s), 300s timeout",False,0.0,0,174,302.35,175,174,15,True
GPT-5.2,(Square Octagon Color Code d=3) * (Shor),"15 attempt(s), 300s timeout",True,1.0,62,62,146.03,63,62,9,True
GPT-5.2,(Square Octagon Color Code d=3) * (Square Octagon Color Code d=3),"15 attempt(s), 300s timeout",True,1.0,48,48,89.17,49,48,9,True
GPT-5.2,(Square Octagon Color Code d=3) * (Square Octagon Color Code d=5),"1 attempt(s), 900s timeout",True,1.0,118,118,210.86,119,118,15,True
GPT-5.2,(Square Octagon Color Code d=3) * (Steane),"15 attempt(s), 300s timeout",True,1.0,48,48,107.58,49,48,9,True
GPT-5.2,(Square Octagon Color Code d=3) * (Tetrahedral),"1 attempt(s), 900s timeout",True,1.0,104,104,171.23,105,104,9,True
GPT-5.2,(Square Octagon Color Code d=5) * (Hex Color Code d=3),"15 attempt(s), 900s timeout",True,1.0,118,118,419.53,119,118,15,True
GPT-5.2,(Square Octagon Color Code d=5) * (Perfect 5-Qubit Code),"1 attempt(s), 900s timeout",True,1.0,84,84,208.11,85,84,15,True
GPT-5.2,(Square Octagon Color Code d=5) * (Rotated Surface Code d=3),"1 attempt(s), 900s timeout",True,1.0,152,152,187.93,153,152,15,True
GPT-5.2,(Square Octagon Color Code d=5) * (Shor),"1 attempt(s), 900s timeout",True,1.0,152,152,523.54,153,152,15,True
GPT-5.2,(Square Octagon Color Code d=5) * (Square Octagon Color Code d=3),"1 attempt(s), 900s timeout",True,1.0,118,118,307.02,119,118,15,True
GPT-5.2,(Square Octagon Color Code d=5) * (Steane),"1 attempt(s), 900s timeout",True,1.0,118,118,215.26,119,118,15,True
GPT-5.2,(Square Octagon Color Code d=7) * (Perfect 5-Qubit Code),"1 attempt(s), 900s timeout",False,0.8636363636363636,133,154,615.5,155,154,21,True
GPT-5.2,(Steane) * (Golay),"15 attempt(s), 300s timeout",False,0.0,0,160,302.32,161,160,21,True
GPT-5.2,(Steane) * (Hex Color Code d=3),"15 attempt(s), 300s timeout",True,1.0,48,48,250.7,49,48,9,True
GPT-5.2,(Steane) * (Hex Color Code d=5),"15 attempt(s), 300s timeout",False,0.0,0,132,302.38,133,132,15,True
GPT-5.2,(Steane) * (Perfect 5-Qubit Code),"1 attempt(s), 900s timeout",True,1.0,34,34,57.81,35,34,9,True
GPT-5.2,(Steane) * (Rotated Surface Code d=3),"15 attempt(s), 300s timeout",True,1.0,62,62,247.47,63,62,9,True
GPT-5.2,(Steane) * (Rotated Surface Code d=5),"15 attempt(s), 300s timeout",False,0.0,0,174,302.34,175,174,15,True
GPT-5.2,(Steane) * (Shor),"1 attempt(s), 900s timeout",True,1.0,62,62,105.61,63,62,9,True
GPT-5.2,(Steane) * (Square Octagon Color Code d=3),"1 attempt(s), 900s timeout",True,1.0,48,48,151.96,49,48,9,True
GPT-5.2,(Steane) * (Square Octagon Color Code d=5),"1 attempt(s), 900s timeout",True,1.0,118,118,416.99,119,118,15,True
GPT-5.2,(Steane) * (Steane),"15 attempt(s), 300s timeout",True,1.0,48,48,218.49,49,48,9,True
GPT-5.2,(Steane) * (Tetrahedral),"1 attempt(s), 900s timeout",True,1.0,104,104,846.05,105,104,9,True
GPT-5.2,(Tetrahedral) * (Hex Color Code d=3),"1 attempt(s), 900s timeout",True,1.0,104,104,170.03,105,104,9,True
GPT-5.2,(Tetrahedral) * (Perfect 5-Qubit Code),"1 attempt(s), 900s timeout",True,1.0,74,74,168.1,75,74,9,True
GPT-5.2,(Tetrahedral) * (Rotated Surface Code d=3),"1 attempt(s), 900s timeout",True,1.0,134,134,140.12,135,134,9,True
GPT-5.2,(Tetrahedral) * (Shor),"1 attempt(s), 900s timeout",True,1.0,134,134,677.74,135,134,9,True
GPT-5.2,(Tetrahedral) * (Square Octagon Color Code d=3),"1 attempt(s), 900s timeout",True,1.0,104,104,176.41,105,104,9,True
GPT-5.2,(Tetrahedral) * (Steane),"1 attempt(s), 900s timeout",True,1.0,104,104,276.17,105,104,9,True
GPT-5.2,4-Qubit Detector Code,"15 attempt(s), 300s timeout",True,1.0,2,2,19.52,4,2,2,False
GPT-5.2,BB Code n=72,"15 attempt(s), 900s timeout",True,1.0,72,72,315.59,72,72,6,False
GPT-5.2,BB Code n=90,"1 attempt(s), 900s timeout",True,1.0,90,90,182.23,90,90,10,False
GPT-5.2,Carbon,"1 attempt(s), 900s timeout",True,1.0,10,10,26.8,12,10,4,False
GPT-5.2,Golay,"15 attempt(s), 300s timeout",True,1.0,22,22,89.25,23,22,7,False
GPT-5.2,Hamming,"15 attempt(s), 300s timeout",True,1.0,8,8,83.32,15,8,3,False
GPT-5.2,Hex Color Code d=3,"1 attempt(s), 900s timeout",True,1.0,6,6,76.7,7,6,3,False
GPT-5.2,Hex Color Code d=5,"15 attempt(s), 300s timeout",True,1.0,18,18,73.92,19,18,5,False
GPT-5.2,Hex Color Code d=7,"15 attempt(s), 300s timeout",True,1.0,36,36,190.63,37,36,7,False
GPT-5.2,Hypercube Code l=1,"15 attempt(s), 300s timeout",True,1.0,2,2,18.74,6,2,2,False
GPT-5.2,Hypercube Code l=2,"1 attempt(s), 900s timeout",True,1.0,20,20,42.33,36,20,4,False
GPT-5.2,Iceberg Code m=2,"15 attempt(s), 300s timeout",True,1.0,2,2,21.97,4,2,2,False
GPT-5.2,Iceberg Code m=3,"15 attempt(s), 300s timeout",True,1.0,2,2,22.87,6,2,2,False
GPT-5.2,Iceberg Code m=4,"15 attempt(s), 300s timeout",True,1.0,2,2,31.17,8,2,2,False
GPT-5.2,Perfect 5-Qubit Code,"15 attempt(s), 300s timeout",True,1.0,4,4,29.86,5,4,3,False
GPT-5.2,Rotated Surface Code d=3,"15 attempt(s), 900s timeout",True,1.0,8,8,26.18,9,8,3,False
GPT-5.2,Rotated Surface Code d=5,"1 attempt(s), 900s timeout",True,1.0,24,24,34.25,25,24,5,False
GPT-5.2,Rotated Surface Code d=7,"1 attempt(s), 900s timeout",True,1.0,48,48,85.43,49,48,7,False
GPT-5.2,Shor,"15 attempt(s), 300s timeout",True,1.0,8,8,36.05,9,8,3,False
GPT-5.2,Square Octagon Color Code d=3,"1 attempt(s), 900s timeout",True,1.0,6,6,23.25,7,6,3,False
GPT-5.2,Square Octagon Color Code d=5,"15 attempt(s), 300s timeout",True,1.0,16,16,111.24,17,16,5,False
GPT-5.2,Square Octagon Color Code d=7,"15 attempt(s), 300s timeout",True,1.0,30,30,108.1,31,30,7,False
GPT-5.2,Steane,"1 attempt(s), 900s timeout",True,1.0,6,6,26.56,7,6,3,False
GPT-5.2,Tetrahedral,"15 attempt(s), 300s timeout",True,1.0,14,14,162.09,15,14,3,False
Gemini 3 Pro Preview,(4-Qubit Detector Code) * (Golay),"1 attempt(s), 900s timeout",True,1.0,90,90,257.1,92,90,14,True
Gemini 3 Pro Preview,(4-Qubit Detector Code) * (Hex Color Code d=3),"15 attempt(s), 300s timeout",True,1.0,26,26,259.76,28,26,6,True
Gemini 3 Pro Preview,(4-Qubit Detector Code) * (Hex Color Code d=5),"15 attempt(s), 300s timeout",True,1.0,74,74,133.48,76,74,10,True
Gemini 3 Pro Preview,(4-Qubit Detector Code) * (Hex Color Code d=7),"1 attempt(s), 900s timeout",True,1.0,146,146,613.4,148,146,14,True
Gemini 3 Pro Preview,(4-Qubit Detector Code) * (Perfect 5-Qubit Code),"15 attempt(s), 300s timeout",True,1.0,18,18,77.9,20,18,6,True
Gemini 3 Pro Preview,(4-Qubit Detector Code) * (Rotated Surface Code d=3),"15 attempt(s), 300s timeout",True,1.0,34,34,72.99,36,34,6,True
Gemini 3 Pro Preview,(4-Qubit Detector Code) * (Rotated Surface Code d=5),"1 attempt(s), 900s timeout",True,1.0,98,98,248.69,100,98,10,True
Gemini 3 Pro Preview,(4-Qubit Detector Code) * (Rotated Surface Code d=7),"15 attempt(s), 300s timeout",False,0.0,0,194,302.33,196,194,14,True
Gemini 3 Pro Preview,(4-Qubit Detector Code) * (Shor),"15 attempt(s), 300s timeout",True,1.0,34,34,98.2,36,34,6,True
Gemini 3 Pro Preview,(4-Qubit Detector Code) * (Square Octagon Color Code d=3),"15 attempt(s), 300s timeout",True,1.0,26,26,79.51,28,26,6,True
Gemini 3 Pro Preview,(4-Qubit Detector Code) * (Square Octagon Color Code d=5),"1 attempt(s), 900s timeout",True,1.0,66,66,581.9,68,66,10,True
Gemini 3 Pro Preview,(4-Qubit Detector Code) * (Square Octagon Color Code d=7),"1 attempt(s), 900s timeout",True,1.0,122,122,316.53,124,122,14,True
Gemini 3 Pro Preview,(4-Qubit Detector Code) * (Steane),"1 attempt(s), 900s timeout",True,1.0,26,26,122.71,28,26,6,True
Gemini 3 Pro Preview,(4-Qubit Detector Code) * (Tetrahedral),"1 attempt(s), 900s timeout",True,1.0,58,58,302.75,60,58,6,True
Gemini 3 Pro Preview,(Carbon) * (Hex Color Code d=3),"1 attempt(s), 900s timeout",True,1.0,82,82,670.93,84,82,12,True
Gemini 3 Pro Preview,(Carbon) * (Perfect 5-Qubit Code),"15 attempt(s), 300s timeout",True,1.0,58,58,226.31,60,58,12,True
Gemini 3 Pro Preview,(Carbon) * (Rotated Surface Code d=3),"1 attempt(s), 900s timeout",True,1.0,106,106,393.72,108,106,12,True
Gemini 3 Pro Preview,(Carbon) * (Shor),"15 attempt(s), 900s timeout",True,1.0,106,106,339.49,108,106,12,True
Gemini 3 Pro Preview,(Carbon) * (Square Octagon Color Code d=3),"1 attempt(s), 900s timeout",True,1.0,82,82,409.56,84,82,12,True
Gemini 3 Pro Preview,(Carbon) * (Steane),"1 attempt(s), 900s timeout",True,1.0,82,82,152.45,84,82,12,True
Gemini 3 Pro Preview,(Carbon) * (Tetrahedral),"1 attempt(s), 900s timeout",True,1.0,178,178,663.06,180,178,12,True
Gemini 3 Pro Preview,(Golay) * (Hex Color Code d=3),"1 attempt(s), 900s timeout",False,0.99375,159,160,810.59,161,160,21,True
Gemini 3 Pro Preview,(Golay) * (Perfect 5-Qubit Code),"1 attempt(s), 900s timeout",False,0.9210526315789473,105,114,533.99,115,114,21,True
Gemini 3 Pro Preview,(Golay) * (Square Octagon Color Code d=3),"1 attempt(s), 900s timeout",True,1.0,160,160,618.4,161,160,21,True
Gemini 3 Pro Preview,(Golay) * (Steane),"1 attempt(s), 900s timeout",False,0.46875,75,160,784.84,161,160,21,True
Gemini 3 Pro Preview,(Hamming) * (Hex Color Code d=3),"15 attempt(s), 900s timeout",True,1.0,98,98,765.14,105,98,9,True
Gemini 3 Pro Preview,(Hamming) * (Perfect 5-Qubit Code),"15 attempt(s), 900s timeout",True,1.0,68,68,290.25,75,68,9,True
Gemini 3 Pro Preview,(Hamming) * (Rotated Surface Code d=3),"15 attempt(s), 900s timeout",False,0.9921875,127,128,668.33,135,128,9,True
Gemini 3 Pro Preview,(Hamming) * (Shor),"1 attempt(s), 900s timeout",True,1.0,128,128,444.87,135,128,9,True
Gemini 3 Pro Preview,(Hamming) * (Square Octagon Color Code d=3),"15 attempt(s), 300s timeout",True,1.0,98,98,269.84,105,98,9,True
Gemini 3 Pro Preview,(Hamming) * (Steane),"1 attempt(s), 900s timeout",True,1.0,98,98,330.18,105,98,9,True
Gemini 3 Pro Preview,(Hex Color Code d=3) * (Golay),"15 attempt(s), 900s timeout",False,0.99375,159,160,756.78,161,160,21,True
Gemini 3 Pro Preview,(Hex Color Code d=3) * (Hex Color Code d=3),"15 attempt(s), 300s timeout",True,1.0,48,48,173.42,49,48,9,True
Gemini 3 Pro Preview,(Hex Color Code d=3) * (Hex Color Code d=5),"15 attempt(s), 300s timeout",True,1.0,132,132,291.71,133,132,15,True
Gemini 3 Pro Preview,(Hex Color Code d=3) * (Perfect 5-Qubit Code),"15 attempt(s), 300s timeout",True,1.0,34,34,141.66,35,34,9,True
Gemini 3 Pro Preview,(Hex Color Code d=3) * (Rotated Surface Code d=3),"15 attempt(s), 300s timeout",True,1.0,62,62,134.2,63,62,9,True
Gemini 3 Pro Preview,(Hex Color Code d=3) * (Rotated Surface Code d=5),"1 attempt(s), 900s timeout",False,0.9655172413793104,168,174,883.53,175,174,15,True
Gemini 3 Pro Preview,(Hex Color Code d=3) * (Shor),"1 attempt(s), 900s timeout",True,1.0,62,62,326.86,63,62,9,True
Gemini 3 Pro Preview,(Hex Color Code d=3) * (Square Octagon Color Code d=3),"1 attempt(s), 900s timeout",True,1.0,48,48,223.23,49,48,9,True
Gemini 3 Pro Preview,(Hex Color Code d=3) * (Square Octagon Color Code d=5),"15 attempt(s), 300s timeout",False,0.0,0,118,302.34,119,118,15,True
Gemini 3 Pro Preview,(Hex Color Code d=3) * (Steane),"15 attempt(s), 300s timeout",True,1.0,48,48,137.19,49,48,9,True
Gemini 3 Pro Preview,(Hex Color Code d=3) * (Tetrahedral),"15 attempt(s), 900s timeout",False,0.9711538461538461,101,104,578.5,105,104,9,True
Gemini 3 Pro Preview,(Hex Color Code d=5) * (Hex Color Code d=3),"1 attempt(s), 900s timeout",False,0.9924242424242424,131,132,582.69,133,132,15,True
Gemini 3 Pro Preview,(Hex Color Code d=5) * (Perfect 5-Qubit Code),"1 attempt(s), 900s timeout",True,1.0,94,94,571.94,95,94,15,True
Gemini 3 Pro Preview,(Hex Color Code d=5) * (Rotated Surface Code d=3),"1 attempt(s), 900s timeout",False,0.5,85,170,326.04,171,170,15,True
Gemini 3 Pro Preview,(Hex Color Code d=5) * (Shor),"1 attempt(s), 900s timeout",True,1.0,170,170,589.75,171,170,15,True
Gemini 3 Pro Preview,(Hex Color Code d=5) * (Square Octagon Color Code d=3),"1 attempt(s), 900s timeout",True,1.0,132,132,716.89,133,132,15,True
Gemini 3 Pro Preview,(Hex Color Code d=5) * (Steane),"1 attempt(s), 900s timeout",True,1.0,132,132,545.46,133,132,15,True
Gemini 3 Pro Preview,(Hex Color Code d=7) * (Perfect 5-Qubit Code),"15 attempt(s), 300s timeout",False,0.0,0,184,302.31,185,184,21,True
Gemini 3 Pro Preview,(Hypercube Code l=1) * (Golay),"1 attempt(s), 900s timeout",False,0.9925373134328358,133,134,432.82,138,134,14,True
Gemini 3 Pro Preview,(Hypercube Code l=1) * (Hex Color Code d=3),"1 attempt(s), 900s timeout",True,1.0,38,38,195.57,42,38,6,True
Gemini 3 Pro Preview,(Hypercube Code l=1) * (Hex Color Code d=5),"1 attempt(s), 900s timeout",True,1.0,110,110,443.41,114,110,10,True
Gemini 3 Pro Preview,(Hypercube Code l=1) * (Perfect 5-Qubit Code),"15 attempt(s), 300s timeout",True,1.0,26,26,93.16,30,26,6,True
Gemini 3 Pro Preview,(Hypercube Code l=1) * (Rotated Surface Code d=3),"15 attempt(s), 300s timeout",True,1.0,50,50,167.26,54,50,6,True
Gemini 3 Pro Preview,(Hypercube Code l=1) * (Rotated Surface Code d=5),"1 attempt(s), 900s timeout",False,0.9931506849315068,145,146,290.6,150,146,10,True
Gemini 3 Pro Preview,(Hypercube Code l=1) * (Shor),"15 attempt(s), 300s timeout",True,1.0,50,50,187.68,54,50,6,True
Gemini 3 Pro Preview,(Hypercube Code l=1) * (Square Octagon Color Code d=3),"1 attempt(s), 900s timeout",True,1.0,38,38,77.96,42,38,6,True
Gemini 3 Pro Preview,(Hypercube Code l=1) * (Square Octagon Color Code d=5),"15 attempt(s), 900s timeout",True,1.0,98,98,560.36,102,98,10,True
Gemini 3 Pro Preview,(Hypercube Code l=1) * (Square Octagon Color Code d=7),"15 attempt(s), 300s timeout",False,0.0,0,182,302.33,186,182,14,True
Gemini 3 Pro Preview,(Hypercube Code l=1) * (Steane),"15 attempt(s), 300s timeout",True,1.0,38,38,126.72,42,38,6,True
Gemini 3 Pro Preview,(Hypercube Code l=1) * (Tetrahedral),"1 attempt(s), 900s timeout",True,1.0,86,86,187.08,90,86,6,True
Gemini 3 Pro Preview,(Hypercube Code l=2) * (Perfect 5-Qubit Code),"15 attempt(s), 300s timeout",False,0.0,0,164,301.32,180,164,12,True
Gemini 3 Pro Preview,(Iceberg Code m=2) * (Golay),"1 attempt(s), 900s timeout",True,1.0,90,90,224.77,92,90,14,True
Gemini 3 Pro Preview,(Iceberg Code m=2) * (Hex Color Code d=3),"15 attempt(s), 300s timeout",True,1.0,26,26,210.54,28,26,6,True
Gemini 3 Pro Preview,(Iceberg Code m=2) * (Hex Color Code d=5),"1 attempt(s), 900s timeout",True,1.0,74,74,235.98,76,74,10,True
Gemini 3 Pro Preview,(Iceberg Code m=2) * (Hex Color Code d=7),"15 attempt(s), 300s timeout",False,0.0,0,146,302.34,148,146,14,True
Gemini 3 Pro Preview,(Iceberg Code m=2) * (Perfect 5-Qubit Code),"15 attempt(s), 300s timeout",True,1.0,18,18,168.46,20,18,6,True
Gemini 3 Pro Preview,(Iceberg Code m=2) * (Rotated Surface Code d=3),"15 attempt(s), 300s timeout",True,1.0,34,34,118.8,36,34,6,True
Gemini 3 Pro Preview,(Iceberg Code m=2) * (Rotated Surface Code d=5),"1 attempt(s), 900s timeout",True,1.0,98,98,205.44,100,98,10,True
Gemini 3 Pro Preview,(Iceberg Code m=2) * (Rotated Surface Code d=7),"15 attempt(s), 300s timeout",False,0.0,0,194,302.35,196,194,14,True
Gemini 3 Pro Preview,(Iceberg Code m=2) * (Shor),"15 attempt(s), 300s timeout",True,1.0,34,34,284.45,36,34,6,True
Gemini 3 Pro Preview,(Iceberg Code m=2) * (Square Octagon Color Code d=3),"15 attempt(s), 300s timeout",True,1.0,26,26,253.29,28,26,6,True
Gemini 3 Pro Preview,(Iceberg Code m=2) * (Square Octagon Color Code d=5),"15 attempt(s), 300s timeout",True,1.0,66,66,251.17,68,66,10,True
Gemini 3 Pro Preview,(Iceberg Code m=2) * (Square Octagon Color Code d=7),"1 attempt(s), 900s timeout",True,1.0,122,122,218.84,124,122,14,True
Gemini 3 Pro Preview,(Iceberg Code m=2) * (Steane),"15 attempt(s), 300s timeout",True,1.0,26,26,196.22,28,26,6,True
Gemini 3 Pro Preview,(Iceberg Code m=2) * (Tetrahedral),"1 attempt(s), 900s timeout",True,1.0,58,58,187.44,60,58,6,True
Gemini 3 Pro Preview,(Iceberg Code m=3) * (Golay),"15 attempt(s), 900s timeout",False,0.9328358208955224,125,134,553.06,138,134,14,True
Gemini 3 Pro Preview,(Iceberg Code m=3) * (Hex Color Code d=3),"15 attempt(s), 300s timeout",True,1.0,38,38,182.2,42,38,6,True
Gemini 3 Pro Preview,(Iceberg Code m=3) * (Hex Color Code d=5),"1 attempt(s), 900s timeout",True,1.0,110,110,319.36,114,110,10,True
Gemini 3 Pro Preview,(Iceberg Code m=3) * (Perfect 5-Qubit Code),"15 attempt(s), 300s timeout",True,1.0,26,26,136.42,30,26,6,True
Gemini 3 Pro Preview,(Iceberg Code m=3) * (Rotated Surface Code d=3),"15 attempt(s), 300s timeout",True,1.0,50,50,232.93,54,50,6,True
Gemini 3 Pro Preview,(Iceberg Code m=3) * (Rotated Surface Code d=5),"1 attempt(s), 900s timeout",True,1.0,146,146,869.91,150,146,10,True
Gemini 3 Pro Preview,(Iceberg Code m=3) * (Shor),"15 attempt(s), 300s timeout",True,1.0,50,50,244.92,54,50,6,True
Gemini 3 Pro Preview,(Iceberg Code m=3) * (Square Octagon Color Code d=3),"15 attempt(s), 300s timeout",True,1.0,38,38,240.03,42,38,6,True
Gemini 3 Pro Preview,(Iceberg Code m=3) * (Square Octagon Color Code d=5),"1 attempt(s), 900s timeout",True,1.0,98,98,181.07,102,98,10,True
Gemini 3 Pro Preview,(Iceberg Code m=3) * (Square Octagon Color Code d=7),"15 attempt(s), 300s timeout",False,0.0,0,182,304.76,186,182,14,True
Gemini 3 Pro Preview,(Iceberg Code m=3) * (Steane),"15 attempt(s), 300s timeout",True,1.0,38,38,175.26,42,38,6,True
Gemini 3 Pro Preview,(Iceberg Code m=3) * (Tetrahedral),"15 attempt(s), 300s timeout",True,1.0,86,86,254.34,90,86,6,True
Gemini 3 Pro Preview,(Iceberg Code m=4) * (Golay),"15 attempt(s), 900s timeout",True,1.0,178,178,503.53,184,178,14,True
Gemini 3 Pro Preview,(Iceberg Code m=4) * (Hex Color Code d=3),"15 attempt(s), 300s timeout",True,1.0,50,50,152.64,56,50,6,True
Gemini 3 Pro Preview,(Iceberg Code m=4) * (Hex Color Code d=5),"1 attempt(s), 900s timeout",True,1.0,146,146,520.95,152,146,10,True
Gemini 3 Pro Preview,(Iceberg Code m=4) * (Perfect 5-Qubit Code),"15 attempt(s), 300s timeout",True,1.0,34,34,250.51,40,34,6,True
Gemini 3 Pro Preview,(Iceberg Code m=4) * (Rotated Surface Code d=3),"1 attempt(s), 900s timeout",True,1.0,66,66,484.94,72,66,6,True
Gemini 3 Pro Preview,(Iceberg Code m=4) * (Shor),"1 attempt(s), 900s timeout",True,1.0,66,66,308.78,72,66,6,True
Gemini 3 Pro Preview,(Iceberg Code m=4) * (Square Octagon Color Code d=3),"15 attempt(s), 300s timeout",True,1.0,50,50,173.02,56,50,6,True
Gemini 3 Pro Preview,(Iceberg Code m=4) * (Square Octagon Color Code d=5),"1 attempt(s), 900s timeout",True,1.0,130,130,428.25,136,130,10,True
Gemini 3 Pro Preview,(Iceberg Code m=4) * (Steane),"15 attempt(s), 300s timeout",True,1.0,50,50,174.87,56,50,6,True
Gemini 3 Pro Preview,(Iceberg Code m=4) * (Tetrahedral),"1 attempt(s), 900s timeout",True,1.0,114,114,488.66,120,114,6,True
Gemini 3 Pro Preview,(Perfect 5-Qubit Code) * (Golay),"15 attempt(s), 900s timeout",True,1.0,114,114,425.35,115,114,21,True
Gemini 3 Pro Preview,(Perfect 5-Qubit Code) * (Hex Color Code d=3),"15 attempt(s), 300s timeout",True,1.0,34,34,252.47,35,34,9,True
Gemini 3 Pro Preview,(Perfect 5-Qubit Code) * (Hex Color Code d=5),"1 attempt(s), 900s timeout",True,1.0,94,94,217.54,95,94,15,True
Gemini 3 Pro Preview,(Perfect 5-Qubit Code) * (Hex Color Code d=7),"15 attempt(s), 900s timeout",True,1.0,184,184,670.99,185,184,21,True
Gemini 3 Pro Preview,(Perfect 5-Qubit Code) * (Perfect 5-Qubit Code),"1 attempt(s), 900s timeout",True,1.0,24,24,116.35,25,24,9,True
Gemini 3 Pro Preview,(Perfect 5-Qubit Code) * (Rotated Surface Code d=3),"15 attempt(s), 300s timeout",True,1.0,44,44,248.16,45,44,9,True
Gemini 3 Pro Preview,(Perfect 5-Qubit Code) * (Rotated Surface Code d=5),"1 attempt(s), 900s timeout",False,0.9919354838709677,123,124,400.13,125,124,15,True
Gemini 3 Pro Preview,(Perfect 5-Qubit Code) * (Shor),"15 attempt(s), 300s timeout",True,1.0,44,44,138.59,45,44,9,True
Gemini 3 Pro Preview,(Perfect 5-Qubit Code) * (Square Octagon Color Code d=3),"15 attempt(s), 300s timeout",True,1.0,34,34,113.54,35,34,9,True
Gemini 3 Pro Preview,(Perfect 5-Qubit Code) * (Square Octagon Color Code d=5),"15 attempt(s), 300s timeout",False,0.0,0,84,302.37,85,84,15,True
Gemini 3 Pro Preview,(Perfect 5-Qubit Code) * (Square Octagon Color Code d=7),"15 attempt(s), 300s timeout",False,0.0,0,154,302.32,155,154,21,True
Gemini 3 Pro Preview,(Perfect 5-Qubit Code) * (Steane),"15 attempt(s), 300s timeout",True,1.0,34,34,104.67,35,34,9,True
Gemini 3 Pro Preview,(Perfect 5-Qubit Code) * (Tetrahedral),"1 attempt(s), 900s timeout",True,1.0,74,74,353.04,75,74,9,True
Gemini 3 Pro Preview,(Rotated Surface Code d=3) * (Hex Color Code d=3),"15 attempt(s), 300s timeout",True,1.0,62,62,174.43,63,62,9,True
Gemini 3 Pro Preview,(Rotated Surface Code d=3) * (Hex Color Code d=5),"15 attempt(s), 300s timeout",False,0.0,0,170,302.43,171,170,15,True
Gemini 3 Pro Preview,(Rotated Surface Code d=3) * (Perfect 5-Qubit Code),"15 attempt(s), 300s timeout",True,1.0,44,44,211.4,45,44,9,True
Gemini 3 Pro Preview,(Rotated Surface Code d=3) * (Rotated Surface Code d=3),"15 attempt(s), 900s timeout",True,1.0,80,80,618.76,81,80,9,True
Gemini 3 Pro Preview,(Rotated Surface Code d=3) * (Shor),"1 attempt(s), 900s timeout",False,0.95,76,80,747.35,81,80,9,True
Gemini 3 Pro Preview,(Rotated Surface Code d=3) * (Square Octagon Color Code d=3),"15 attempt(s), 300s timeout",True,1.0,62,62,182.95,63,62,9,True
Gemini 3 Pro Preview,(Rotated Surface Code d=3) * (Square Octagon Color Code d=5),"1 attempt(s), 900s timeout",True,1.0,152,152,593.26,153,152,15,True
Gemini 3 Pro Preview,(Rotated Surface Code d=3) * (Steane),"1 attempt(s), 900s timeout",True,1.0,62,62,201.65,63,62,9,True
Gemini 3 Pro Preview,(Rotated Surface Code d=3) * (Tetrahedral),"1 attempt(s), 900s timeout",True,1.0,134,134,605.6,135,134,9,True
Gemini 3 Pro Preview,(Rotated Surface Code d=5) * (Hex Color Code d=3),"15 attempt(s), 900s timeout",True,1.0,174,174,317.21,175,174,15,True
Gemini 3 Pro Preview,(Rotated Surface Code d=5) * (Perfect 5-Qubit Code),"1 attempt(s), 900s timeout",False,0.9919354838709677,123,124,733.07,125,124,15,True
Gemini 3 Pro Preview,(Rotated Surface Code d=5) * (Square Octagon Color Code d=3),"15 attempt(s), 300s timeout",False,0.0,0,174,302.32,175,174,15,True
Gemini 3 Pro Preview,(Rotated Surface Code d=5) * (Steane),"15 attempt(s), 300s timeout",False,0.0,0,174,301.3,175,174,15,True
Gemini 3 Pro Preview,(Shor) * (Hex Color Code d=3),"1 attempt(s), 900s timeout",True,1.0,62,62,120.15,63,62,9,True
Gemini 3 Pro Preview,(Shor) * (Hex Color Code d=5),"1 attempt(s), 900s timeout",True,1.0,170,170,471.2,171,170,15,True
Gemini 3 Pro Preview,(Shor) * (Perfect 5-Qubit Code),"1 attempt(s), 900s timeout",True,1.0,44,44,196.03,45,44,9,True
Gemini 3 Pro Preview,(Shor) * (Rotated Surface Code d=3),"1 attempt(s), 900s timeout",True,1.0,80,80,487.36,81,80,9,True
Gemini 3 Pro Preview,(Shor) * (Shor),"1 attempt(s), 900s timeout",True,1.0,80,80,136.97,81,80,9,True
Gemini 3 Pro Preview,(Shor) * (Square Octagon Color Code d=3),"15 attempt(s), 900s timeout",True,1.0,62,62,157.4,63,62,9,True
Gemini 3 Pro Preview,(Shor) * (Square Octagon Color Code d=5),"1 attempt(s), 900s timeout",True,1.0,152,152,837.21,153,152,15,True
Gemini 3 Pro Preview,(Shor) * (Steane),"15 attempt(s), 300s timeout",True,1.0,62,62,155.64,63,62,9,True
Gemini 3 Pro Preview,(Shor) * (Tetrahedral),"1 attempt(s), 900s timeout",True,1.0,134,134,305.55,135,134,9,True
Gemini 3 Pro Preview,(Square Octagon Color Code d=3) * (Golay),"15 attempt(s), 300s timeout",False,0.0,0,160,302.3,161,160,21,True
Gemini 3 Pro Preview,(Square Octagon Color Code d=3) * (Hex Color Code d=3),"15 attempt(s), 300s timeout",True,1.0,48,48,108.72,49,48,9,True
Gemini 3 Pro Preview,(Square Octagon Color Code d=3) * (Hex Color Code d=5),"15 attempt(s), 900s timeout",False,0.8257575757575758,109,132,576.51,133,132,15,True
Gemini 3 Pro Preview,(Square Octagon Color Code d=3) * (Perfect 5-Qubit Code),"15 attempt(s), 300s timeout",True,1.0,34,34,261.51,35,34,9,True
Gemini 3 Pro Preview,(Square Octagon Color Code d=3) * (Rotated Surface Code d=3),"1 attempt(s), 900s timeout",True,1.0,62,62,301.61,63,62,9,True
Gemini 3 Pro Preview,(Square Octagon Color Code d=3) * (Rotated Surface Code d=5),"15 attempt(s), 900s timeout",True,1.0,174,174,896.59,175,174,15,True
Gemini 3 Pro Preview,(Square Octagon Color Code d=3) * (Shor),"15 attempt(s), 300s timeout",True,1.0,62,62,192.95,63,62,9,True
Gemini 3 Pro Preview,(Square Octagon Color Code d=3) * (Square Octagon Color Code d=3),"1 attempt(s), 900s timeout",True,1.0,48,48,293.23,49,48,9,True
Gemini 3 Pro Preview,(Square Octagon Color Code d=3) * (Square Octagon Color Code d=5),"1 attempt(s), 900s timeout",True,1.0,118,118,199.36,119,118,15,True
Gemini 3 Pro Preview,(Square Octagon Color Code d=3) * (Steane),"1 attempt(s), 900s timeout",True,1.0,48,48,148.02,49,48,9,True
Gemini 3 Pro Preview,(Square Octagon Color Code d=3) * (Tetrahedral),"15 attempt(s), 300s timeout",False,0.0,0,104,302.31,105,104,9,True
Gemini 3 Pro Preview,(Square Octagon Color Code d=5) * (Hex Color Code d=3),"1 attempt(s), 900s timeout",True,1.0,118,118,378.99,119,118,15,True
Gemini 3 Pro Preview,(Square Octagon Color Code d=5) * (Perfect 5-Qubit Code),"1 attempt(s), 900s timeout",True,1.0,84,84,410.62,85,84,15,True
Gemini 3 Pro Preview,(Square Octagon Color Code d=5) * (Rotated Surface Code d=3),"1 attempt(s), 900s timeout",True,1.0,152,152,511.08,153,152,15,True
Gemini 3 Pro Preview,(Square Octagon Color Code d=5) * (Shor),"1 attempt(s), 900s timeout",True,1.0,152,152,506.74,153,152,15,True
Gemini 3 Pro Preview,(Square Octagon Color Code d=5) * (Square Octagon Color Code d=3),"1 attempt(s), 900s timeout",True,1.0,118,118,896.01,119,118,15,True
Gemini 3 Pro Preview,(Square Octagon Color Code d=5) * (Steane),"1 attempt(s), 900s timeout",True,1.0,118,118,549.67,119,118,15,True
Gemini 3 Pro Preview,(Square Octagon Color Code d=7) * (Perfect 5-Qubit Code),"1 attempt(s), 900s timeout",True,1.0,154,154,507.82,155,154,21,True
Gemini 3 Pro Preview,(Steane) * (Golay),"1 attempt(s), 900s timeout",True,1.0,160,160,901.51,161,160,21,True
Gemini 3 Pro Preview,(Steane) * (Hex Color Code d=3),"15 attempt(s), 300s timeout",True,1.0,48,48,241.7,49,48,9,True
Gemini 3 Pro Preview,(Steane) * (Hex Color Code d=5),"15 attempt(s), 300s timeout",False,0.0,0,132,302.3,133,132,15,True
Gemini 3 Pro Preview,(Steane) * (Perfect 5-Qubit Code),"15 attempt(s), 300s timeout",True,1.0,34,34,124.83,35,34,9,True
Gemini 3 Pro Preview,(Steane) * (Rotated Surface Code d=3),"15 attempt(s), 300s timeout",True,1.0,62,62,185.66,63,62,9,True
Gemini 3 Pro Preview,(Steane) * (Rotated Surface Code d=5),"15 attempt(s), 900s timeout",False,0.8390804597701149,146,174,568.98,175,174,15,True
Gemini 3 Pro Preview,(Steane) * (Shor),"1 attempt(s), 900s timeout",True,1.0,62,62,108.86,63,62,9,True
Gemini 3 Pro Preview,(Steane) * (Square Octagon Color Code d=3),"1 attempt(s), 900s timeout",True,1.0,48,48,140.27,49,48,9,True
Gemini 3 Pro Preview,(Steane) * (Square Octagon Color Code d=5),"1 attempt(s), 900s timeout",True,1.0,118,118,898.36,119,118,15,True
Gemini 3 Pro Preview,(Steane) * (Steane),"1 attempt(s), 900s timeout",True,1.0,48,48,109.42,49,48,9,True
Gemini 3 Pro Preview,(Steane) * (Tetrahedral),"1 attempt(s), 900s timeout",True,1.0,104,104,303.44,105,104,9,True
Gemini 3 Pro Preview,(Tetrahedral) * (Hex Color Code d=3),"15 attempt(s), 900s timeout",True,1.0,104,104,485.02,105,104,9,True
Gemini 3 Pro Preview,(Tetrahedral) * (Perfect 5-Qubit Code),"1 attempt(s), 900s timeout",True,1.0,74,74,311.64,75,74,9,True
Gemini 3 Pro Preview,(Tetrahedral) * (Rotated Surface Code d=3),"1 attempt(s), 900s timeout",False,0.022388059701492536,3,134,693.75,135,134,9,True
Gemini 3 Pro Preview,(Tetrahedral) * (Shor),"15 attempt(s), 900s timeout",True,1.0,134,134,617.22,135,134,9,True
Gemini 3 Pro Preview,(Tetrahedral) * (Square Octagon Color Code d=3),"1 attempt(s), 900s timeout",True,1.0,104,104,313.32,105,104,9,True
Gemini 3 Pro Preview,(Tetrahedral) * (Steane),"1 attempt(s), 900s timeout",True,1.0,104,104,524.95,105,104,9,True
Gemini 3 Pro Preview,4-Qubit Detector Code,"15 attempt(s), 300s timeout",True,1.0,2,2,29.55,4,2,2,False
Gemini 3 Pro Preview,BB Code n=72,"1 attempt(s), 900s timeout",True,1.0,72,72,299.82,72,72,6,False
Gemini 3 Pro Preview,BB Code n=90,"1 attempt(s), 900s timeout",True,1.0,90,90,275.69,90,90,10,False
Gemini 3 Pro Preview,Carbon,"15 attempt(s), 300s timeout",True,1.0,10,10,86.37,12,10,4,False
Gemini 3 Pro Preview,Golay,"15 attempt(s), 300s timeout",True,1.0,22,22,274.38,23,22,7,False
Gemini 3 Pro Preview,Hamming,"15 attempt(s), 300s timeout",True,1.0,8,8,130.0,15,8,3,False
Gemini 3 Pro Preview,Hex Color Code d=3,"1 attempt(s), 900s timeout",True,1.0,6,6,32.35,7,6,3,False
Gemini 3 Pro Preview,Hex Color Code d=5,"15 attempt(s), 300s timeout",True,1.0,18,18,153.49,19,18,5,False
Gemini 3 Pro Preview,Hex Color Code d=7,"15 attempt(s), 300s timeout",True,1.0,36,36,284.66,37,36,7,False
Gemini 3 Pro Preview,Hypercube Code l=1,"15 attempt(s), 300s timeout",True,1.0,2,2,24.4,6,2,2,False
Gemini 3 Pro Preview,Hypercube Code l=2,"1 attempt(s), 900s timeout",True,1.0,20,20,105.2,36,20,4,False
Gemini 3 Pro Preview,Iceberg Code m=2,"1 attempt(s), 900s timeout",True,1.0,2,2,22.31,4,2,2,False
Gemini 3 Pro Preview,Iceberg Code m=3,"15 attempt(s), 300s timeout",True,1.0,2,2,20.53,6,2,2,False
Gemini 3 Pro Preview,Iceberg Code m=4,"15 attempt(s), 300s timeout",True,1.0,2,2,31.13,8,2,2,False
Gemini 3 Pro Preview,Perfect 5-Qubit Code,"15 attempt(s), 300s timeout",True,1.0,4,4,43.99,5,4,3,False
Gemini 3 Pro Preview,Rotated Surface Code d=3,"15 attempt(s), 300s timeout",True,1.0,8,8,74.73,9,8,3,False
Gemini 3 Pro Preview,Rotated Surface Code d=5,"15 attempt(s), 300s timeout",True,1.0,24,24,99.44,25,24,5,False
Gemini 3 Pro Preview,Rotated Surface Code d=7,"15 attempt(s), 300s timeout",True,1.0,48,48,172.2,49,48,7,False
Gemini 3 Pro Preview,Shor,"15 attempt(s), 300s timeout",True,1.0,8,8,133.94,9,8,3,False
Gemini 3 Pro Preview,Square Octagon Color Code d=3,"1 attempt(s), 900s timeout",True,1.0,6,6,141.19,7,6,3,False
Gemini 3 Pro Preview,Square Octagon Color Code d=5,"15 attempt(s), 300s timeout",True,1.0,16,16,204.74,17,16,5,False
Gemini 3 Pro Preview,Square Octagon Color Code d=7,"1 attempt(s), 900s timeout",True,1.0,30,30,114.25,31,30,7,False
Gemini 3 Pro Preview,Steane,"15 attempt(s), 300s timeout",True,1.0,6,6,117.52,7,6,3,False
Gemini 3 Pro Preview,Tetrahedral,"15 attempt(s), 300s timeout",True,1.0,14,14,252.08,15,14,3,False
